,Image,F1,Jaccard,Recall,Precision
0,833.png,0.8517745302713988,0.7418181818181818,1.0,0.7418181818181818
1,2069.png,0.568604740946645,0.3972381055130003,1.0,0.3972381055130003
2,3038.png,0.5685710371283738,0.3972052067381317,0.8237395791980945,0.4341004184100418
3,1169.png,0.6346642468239565,0.4648411537950286,0.9615067363211438,0.4736556955167276
4,501.png,0.8072613177947109,0.6768132281097332,0.6793662768766503,0.9944781888459415
5,31.png,0.9574041034790365,0.918288770053476,0.9638527166591827,0.9510412051395658
6,2242.png,0.8902805918830969,0.8022573863007635,0.8837152608483666,0.8969442038846963
7,1014.png,0.9411764705882353,0.8888888888888888,0.9637065637065637,0.9196757553426677
8,1322.png,0.8209399167162403,0.6962663975782039,0.9413369713506139,0.7278481012658228
9,1779.png,0.4964572508266415,0.33019164310398996,0.3528029540114132,0.8374501992031872
10,1217.png,0.405111821086262,0.25400641025641024,0.2589869281045752,0.9296187683284457
11,1956.png,0.5674946506651782,0.3961553448499805,0.9047760308513794,0.41339116291677963
12,108.png,0.8847772277227722,0.7933636666296748,0.8559626436781609,0.9155993852459017
13,1258.png,0.279572504250668,0.16250176478893125,0.9965367965367965,0.16259358666478316
14,571.png,0.7906859023032143,0.6538300544160737,0.9942711648631445,0.6563025210084034
15,1888.png,0.13465101914762198,0.07218543046357616,0.08002936857562408,0.42412451361867703
16,35.png,0.42857142857142866,0.2727272727272727,0.28104575163398693,0.9020979020979021
17,2162.png,0.641555024565737,0.4722716312897743,0.9173832923832924,0.4932502167361599
18,2582.png,0.0336094674556213,0.017091959557053442,0.017300194931773878,0.5867768595041323
19,1279.png,0.35419313850063533,0.21520941903107507,0.21785853849159828,0.9465195246179966
20,749.png,0.5714101489457734,0.39998194619967503,0.4179794359022734,0.9028117359413202
21,2122.png,0.0,0.0,0.0,0.0
22,2928.png,0.5701840357181749,0.39878141660319877,0.4186120882635114,0.893820416524411
23,74.png,0.9739921976592977,0.9493029150823827,0.9884060703176548,0.9599926760047606
24,788.png,0.3212489823284325,0.19136189878473212,0.2002985965959988,0.8109284332688588
25,707.png,0.9665717953010771,0.9353061885732801,0.9764347728041493,0.9569060773480663
26,1678.png,0.8970702618615504,0.8133521391631405,0.8667334669338678,0.9296077377753896
27,909.png,0.4302930466447026,0.2741231703949185,0.2741231703949185,1.0
28,218.png,0.8999484270242393,0.8180965775902485,0.9401939655172413,0.8630069238377843
29,2046.png,0.5713184271395528,0.39989206691851054,0.4038147138964578,0.9762845849802372
30,3.png,0.9358830146231721,0.879492600422833,0.9498620492817049,0.9223094688221709
31,1270.png,0.30396659707724427,0.1792220580994584,0.91,0.1824561403508772
32,573.png,0.9119651921682379,0.8381764862703279,0.9984121943474119,0.8392952482648158
33,861.png,0.23203904095056227,0.1312466996303586,0.13271844660194174,0.9220910623946037
34,2463.png,0.17954597569364825,0.09862703111223076,0.5537482319660537,0.10714285714285714
35,1326.png,0.8937409024745269,0.8078947368421052,0.9660163624921334,0.8315276273022751
36,528.png,0.80995292535306,0.6806057866184448,0.999667994687915,0.6807596653854849
37,461.png,0.8610354223433242,0.7559808612440191,0.926007326007326,0.8045830681094844
38,803.png,0.7072315164597949,0.5470674180755584,0.778553393732363,0.6478803608948214
39,1392.png,0.8131361628576914,0.6851132686084143,0.9929643527204502,0.6884552845528455
40,298.png,0.41421012849584277,0.2612011439466158,0.2612011439466158,1.0
41,3005.png,0.6248341735208278,0.45437005595215124,0.8880090497737556,0.4819893573475235
42,1239.png,0.837452747891829,0.720360180090045,0.9492419248516809,0.7492195629552549
43,2839.png,0.04400670578373847,0.022498392971930577,0.027030505856609603,0.11830985915492957
44,2605.png,0.5132016632016632,0.3451723414668251,0.7094410116396034,0.4020030942105692
45,1529.png,0.7159581022797289,0.5575815738963532,0.5718503937007874,0.957166392092257
46,574.png,0.7953185955786735,0.6601899827288429,0.9967405475880052,0.6616183470359152
47,2574.png,0.6295190191763596,0.4593416676224338,0.6943481276005548,0.5757619321449109
48,1702.png,0.8845968131337518,0.793073593073593,0.9642105263157895,0.8171275646743978
49,1732.png,0.8847079413695033,0.793252255786583,0.9644645838301932,0.8171347747019599
50,1266.png,0.7842170160295932,0.6450304259634888,1.0,0.6450304259634888
51,1808.png,0.62148070907195,0.4508320726172466,1.0,0.4508320726172466
52,1085.png,0.8236899563318777,0.7002320185614849,0.8152350081037277,0.8323221180364038
53,653.png,0.895877100840336,0.8113925555951956,0.9989751098096632,0.8120685551059271
54,2791.png,0.5552791597567718,0.3843504878515401,0.39504473503097043,0.9342013485235992
55,1187.png,0.9608568646543331,0.9246626686656672,0.969542149734722,0.9523258058289905
56,2744.png,0.6069774621796851,0.43572695035460995,0.5207947019867549,0.727339992600814
57,1023.png,0.7576896787423103,0.6099037138927098,0.6099037138927098,1.0
58,1667.png,0.6482425543332438,0.4795553791186979,0.9773462783171522,0.48494580489763145
59,904.png,0.48395225464190983,0.319219665821013,1.0,0.319219665821013
60,701.png,0.9267763871094905,0.863544536271809,0.9712869241892171,0.8861666038447041
61,381.png,0.9245463228271251,0.8596802841918295,0.990990990990991,0.8664518438954529
62,478.png,0.0,0.0,0.0,0.0
63,1354.png,0.8842759727236261,0.7925579723170951,0.8604605776736924,0.909447194719472
64,2701.png,0.6766116142781033,0.5112721417069244,0.647078804347826,0.708969110532192
65,1689.png,0.6102490546355457,0.43910677425408146,0.8737864077669902,0.46884391905429773
66,2672.png,0.8528778790237648,0.7434935334504231,0.7955749188450367,0.9190762854041251
67,2524.png,0.000774593338497289,0.0003874467260751647,0.00045475216007276033,0.0026109660574412533
68,2026.png,0.0,0.0,0.0,0.0
69,2356.png,0.15405858565933522,0.08345800384697585,0.14120412222021334,0.1694878472222222
70,527.png,0.7573110520319029,0.6094132029339854,1.0,0.6094132029339854
71,1142.png,0.8680104031209362,0.7668006892590465,0.9723233794610342,0.7839107457428068
72,1562.png,0.7261429205503772,0.570034843205575,0.6973572037510657,0.7574074074074074
73,1668.png,0.6655745377954598,0.4987723605752368,0.9608108108108108,0.5091299677765844
74,1837.png,0.7499999999999999,0.6,0.8440646933170582,0.6747987313979019
75,294.png,0.6675503072659357,0.5009947549285585,0.9836647727272727,0.5051978843698705
76,2157.png,0.0,0.0,0.0,0.0
77,2528.png,0.6095954844778928,0.43843031123139375,0.5657488247145736,0.6608095387511767
78,2527.png,0.5406165891852215,0.37044178053483107,0.37879307388993655,0.9438274241777018
79,2075.png,0.5229915655560848,0.3540884082716752,0.5341117216117216,0.512325006862476
80,2322.png,0.6547049441786283,0.4866627148784825,0.49577294685990336,0.9636150234741784
81,3034.png,0.4916214635720191,0.32592711424828213,0.721942552561445,0.3727144866385373
82,1851.png,0.6135394456289979,0.44252210688196847,0.44474497681607417,0.988831615120275
83,676.png,0.953,0.9102196752626552,0.9220201238390093,0.9861341059602649
84,1818.png,0.8296186230807331,0.7088446889547185,0.9905381431105854,0.7136770345121431
85,2906.png,0.0,0.0,0.0,0.0
86,1840.png,0.5910697076774816,0.41951664386684906,1.0,0.41951664386684906
87,560.png,0.08067940552016986,0.0420353982300885,0.0420353982300885,1.0
88,1337.png,0.7101645692158761,0.5505854097868508,0.995656894679696,0.5519109238639783
89,1384.png,0.7690023752969122,0.6246985045827304,0.9885496183206107,0.6292517006802721
90,2936.png,0.7743520793731744,0.6317899833560296,0.9672226082927959,0.6456126787785079
91,1579.png,0.9331530139103554,0.8746830858384643,0.9825061025223759,0.8885209713024282
92,678.png,0.8914454277286135,0.8041511442256519,0.8985133795837463,0.8844878048780488
93,555.png,0.8962346760070052,0.8119793732645776,0.9965920155793574,0.8142402545743834
94,1885.png,0.22459893048128343,0.12650602409638553,0.5807522123893806,0.13922036595067622
95,2471.png,0.05877742946708464,0.030278562777553492,0.044722719141323794,0.08571428571428572
96,1769.png,0.9450467289719625,0.8958185683912119,0.9965834428383705,0.8985781990521327
97,1720.png,0.6308243727598567,0.4607329842931937,0.504297994269341,0.8421052631578947
98,2465.png,0.6738629472407519,0.5081397475763673,0.5618932038834952,0.8415631626779764
99,2255.png,0.8649738516791632,0.762073942489175,0.8043121631122568,0.9355322338830585
100,1960.png,0.0,0.0,0.0,0.0
101,21.png,0.8749142465126916,0.7776422764227642,0.9891416752843847,0.7843378433784338
102,26.png,0.8008849557522124,0.6678966789667896,0.9986206896551724,0.6685133887349953
103,2405.png,0.6883073121419747,0.5247473882514129,0.7142191142191142,0.6642098417515716
104,335.png,0.9033695349484823,0.8237684103605891,0.9513196480938416,0.8600212089077413
105,893.png,0.6784260515603798,0.5133470225872689,1.0,0.5133470225872689
106,2606.png,0.6494641384995877,0.48089366377731657,0.6145565176690849,0.6885761734114151
107,11.png,0.9287652119990698,0.8670043415340087,0.9787616402548603,0.8836283185840708
108,2980.png,0.5251483607354802,0.35606860158311343,0.8533038254821372,0.3792861157953907
109,3011.png,0.5418855405031794,0.3716344330678802,0.9432146294513956,0.38013964313421256
110,717.png,0.13786097808736034,0.07403366583541147,0.0741550230270861,0.9783728115345005
111,277.png,0.9629338160069253,0.9285172256791623,0.9801345722524831,0.9463263727764888
112,2979.png,0.9618127079702107,0.9264346764346765,0.9529042386185244,0.9708893154190659
113,2275.png,0.7047500776156472,0.5441035474592522,0.5443645083932853,0.9991197183098591
114,1866.png,0.46158169861165754,0.3000365363536719,0.3000365363536719,1.0
115,1344.png,0.8265014299332698,0.7043054427294883,0.7177152317880795,0.9741573033707865
116,2137.png,0.7003643838176212,0.5388928828181164,0.8179834133566128,0.612318248652181
117,2072.png,0.7390739939420164,0.5861358956760466,0.8991366603495473,0.6273875991771966
118,1137.png,0.9256012587098223,0.8615062761506276,0.9274774774774774,0.923732615522656
119,1906.png,0.5787775743308048,0.407239263803681,0.8743414120126449,0.4325557148442591
120,1495.png,0.9158679446219382,0.8447937131630648,0.8947681331747919,0.9379869118105328
121,694.png,0.941419507156559,0.8893225536660162,0.9214326978625073,0.9622926093514329
122,336.png,0.9239555790586991,0.8586593276980539,0.9862271393090991,0.8690807799442897
123,1560.png,0.9407569939659901,0.8881408596582082,0.9896133871898442,0.8964976476738108
124,1546.png,0.87178868652756,0.7727175539875989,0.9475616151022549,0.8072369890551708
125,1969.png,0.8964927288280583,0.8124031007751938,0.9379474940334129,0.8585472419442928
126,2459.png,0.9003651987110634,0.8187856528873955,0.8485584710074506,0.9589091241877917
127,587.png,0.9438578850343556,0.8936845445890194,1.0,0.8936845445890194
128,2662.png,0.551910240022724,0.38112985484503725,0.39766680311092917,0.9016241299303944
129,2930.png,0.7760082730093072,0.6339979722879351,0.969258589511754,0.6470081048456631
130,943.png,0.08532778355879292,0.04456521739130435,0.07706766917293233,0.09557109557109557
131,1794.png,0.43214756258234516,0.27563025210084036,0.9466089466089466,0.2799829278702518
132,3043.png,0.4871033709347582,0.32196738466905034,0.9202392821535393,0.33121019108280253
133,2380.png,0.5503687754821568,0.37966123119706735,0.390750016262278,0.93045229244114
134,126.png,0.16469629025682836,0.08973789426921368,0.08973789426921368,1.0
135,1147.png,0.8812105926860025,0.7876465284039675,0.9909245604083948,0.793369663941871
136,1883.png,0.8870765370138016,0.7970687711386697,0.8859649122807017,0.8881909547738693
137,2176.png,0.0,0.0,0.0,0.0
138,2304.png,0.701685451349395,0.5404587448231921,0.5639960106382979,0.9283173734610123
139,369.png,0.9027389603130241,0.8227203260315843,0.9260321100917431,0.8805888767720829
140,2228.png,0.0,0.0,0.0,0.0
141,2114.png,0.9095766543362104,0.8341500188465888,0.8459480122324159,0.9835555555555555
142,451.png,0.9642231673755316,0.9309178743961353,0.9851738241308794,0.9441450269475747
143,1916.png,0.08849557522123895,0.046296296296296294,0.056314699792960665,0.2064986334649256
144,2349.png,0.30644826871241965,0.18095004897159647,0.3783922171018945,0.25749128919860625
145,2530.png,0.0,0.0,0.0,0.0
146,1419.png,0.5643705463182898,0.3931171409662475,1.0,0.3931171409662475
147,86.png,0.9011382988258493,0.8200652528548124,0.9217088375504217,0.8814658951429073
148,2725.png,0.8069827183559085,0.6764216501908584,0.7761680143755616,0.8403453307392996
149,1013.png,0.9018181818181819,0.8211920529801324,0.9612403100775194,0.8493150684931506
150,777.png,0.6103851444291609,0.439247710962633,0.7052046086611045,0.5380418308578357
151,2995.png,0.24592781858831045,0.14020393299344502,0.1609868283504077,0.5206220419202163
152,2992.png,0.8833063917165451,0.7910015649452269,0.8659414082576666,0.9013820775746768
153,1968.png,0.856255459574881,0.7486422267481331,0.7605172413793103,0.979569176104819
154,1191.png,0.11601307189542485,0.06157849089332177,0.06157849089332177,1.0
155,2956.png,0.3023289454650658,0.17808452624403545,0.17890772128060264,0.9748134328358209
156,2187.png,0.8201472478672432,0.6951267828843106,0.8556449646427701,0.7874775583482945
157,2248.png,0.0,0.0,0.0,0.0
158,1452.png,0.9112538662859861,0.8369755244755245,0.9984358706986444,0.838074398249453
159,2525.png,0.6947148090005233,0.5322322001282873,0.6021407837445574,0.8209250556517438
160,1108.png,0.2955400322407308,0.1733921815889029,0.17719072164948454,0.889967637540453
161,2787.png,0.6124503824184336,0.44138989673457996,0.5013472816611191,0.78681592039801
162,602.png,0.7942618930848454,0.6587350010168802,0.6715737093095584,0.9717971797179717
163,227.png,0.7251503360452777,0.5688124306326304,0.9789875835721108,0.5758426966292135
164,1567.png,0.8880760790051208,0.7986842105263158,0.9253048780487805,0.8537271448663853
165,1076.png,0.007166687260595576,0.0035962301587301585,0.0037819509650495564,0.06823529411764706
166,2565.png,0.5558806319485079,0.38492706645056723,0.45056548704852245,0.7254464285714286
167,1075.png,0.3575550122249389,0.21769679647493154,0.25819209039548024,0.5812400635930047
168,824.png,0.32692424334324016,0.19540313225058004,0.1985852184805836,0.9242112482853223
169,2543.png,0.7697105788423153,0.6256337456905293,1.0,0.6256337456905293
170,460.png,0.9538277033779733,0.9117309896828429,0.982297241663236,0.9269619269619269
171,1751.png,0.8324233515329693,0.7129496402877697,0.9850894632206759,0.7207272727272728
172,1390.png,0.9170498436637851,0.8468070652173914,0.8578802477632484,0.9849861714737258
173,754.png,0.6266818267955278,0.4563267558989927,0.5185824055198369,0.7917165429734259
174,117.png,0.6240039230109109,0.4534925160370634,0.49031885174838646,0.8579133659194337
175,941.png,0.7813603200753119,0.6411741985322519,0.7233115468409586,0.849539406345957
176,347.png,0.9374273537388609,0.8822242479489517,0.981939935064935,0.8967753891771683
177,247.png,0.7393706461686285,0.5865091463414634,0.996116504854369,0.5878533231474408
178,837.png,0.0,0.0,0.0,0.0
179,1225.png,0.0,0.0,0.0,0.0
180,1428.png,0.8889952153110048,0.8001722652885443,0.9973161567364466,0.8018990073370738
181,2926.png,0.19840116279069767,0.11012505042355789,0.13024809160305342,0.41615853658536583
182,1774.png,0.7892427999237078,0.6518588531821046,0.7134482758620689,0.8830559112249253
183,2107.png,0.5871439006574142,0.4155723296453314,0.4654313839027215,0.7950544015825914
184,552.png,0.8780759071319338,0.7826517967781909,0.8256209150326798,0.9376484560570071
185,925.png,0.2710994650070969,0.15680454688980108,0.9638975155279503,0.1577309109388896
186,284.png,0.0,0.0,0.0,0.0
187,2780.png,0.0,0.0,0.0,0.0
188,860.png,0.41293810589112606,0.26019029719252906,0.26372187165138705,0.9510519536281666
189,375.png,0.9444823974131257,0.8948049706593028,0.9308735074961846,0.9584951007579959
190,834.png,0.0,0.0,0.0,0.0
191,2642.png,0.0,0.0,0.0,0.0
192,1375.png,0.7743589743589744,0.6317991631799164,0.9983471074380166,0.6324607329842932
193,681.png,0.9756507136859781,0.9524590163934427,0.9889856813858016,0.9626705653021442
194,384.png,0.9677696078431373,0.9375519411136175,0.9983565107458913,0.9390011890606421
195,2154.png,0.0,0.0,0.0,0.0
196,1657.png,0.683090705487122,0.5187074829931972,1.0,0.5187074829931972
197,69.png,0.9266423357664234,0.8633117987079225,0.960287443267776,0.8952750352609309
198,1568.png,0.8836385115180154,0.7915343915343915,0.918918918918919,0.850967007963595
199,222.png,0.9774619909847965,0.9559175134488942,0.9907077590212173,0.9645657418576599
200,269.png,0.8377510040160642,0.7208016586040082,1.0,0.7208016586040082
201,3041.png,0.6173633440514469,0.44651162790697674,0.5748502994011976,0.6666666666666666
202,1043.png,0.9219973890339425,0.8552830759915229,0.9550371872887086,0.8911671924290221
203,2479.png,0.787215020116227,0.6490969406561002,0.7636600173460538,0.8122693726937269
204,2550.png,0.5764860139860141,0.40497390236413877,0.6140595903165735,0.5432454695222405
205,393.png,0.0,0.0,0.0,0.0
206,110.png,0.0,0.0,0.0,0.0
207,3033.png,0.6857532751091703,0.5217842754495992,0.6624657245306897,0.7107377234668477
208,2233.png,0.47926267281105994,0.3151515151515151,0.756525459991442,0.350724062685975
209,2965.png,0.2922478413511718,0.1711301255695077,0.17547857793983593,0.8735110606920022
210,581.png,0.9507341576506956,0.9060946418707421,0.9804741980474198,0.9227451715732233
211,1089.png,0.13128112267994568,0.07025193798449612,0.07025193798449612,1.0
212,2627.png,0.0,0.0,0.0,0.0
213,1411.png,0.9157418824496507,0.844579226686884,0.9858407079646018,0.8549501151189562
214,244.png,0.9551122194513717,0.9140811455847255,0.9867500920132499,0.9254401104590956
215,2609.png,0.0,0.0,0.0,0.0
216,855.png,0.782491261518907,0.6426986819783375,0.9041674316137324,0.6896793166223218
217,2909.png,0.0006047777441790142,0.00030248033877797946,0.0003740415186085656,0.0015785319652722968
218,1207.png,0.853809196980096,0.7449101796407186,0.9539877300613497,0.7726708074534161
219,2593.png,0.7636491722437478,0.6176638176638176,0.8462138953942233,0.6957637997432606
220,184.png,0.4336164506034868,0.2768264840182648,0.29164161154539986,0.8449477351916377
221,2060.png,0.0,0.0,0.0,0.0
222,159.png,0.79320379235896,0.6572806471686372,0.6632653061224489,0.9864580901237451
223,512.png,0.9764989837398375,0.9540771999503538,0.9899549259497746,0.9634039353302419
224,2732.png,0.052888527257933284,0.027162557459256165,0.02929247408742677,0.2719665271966527
225,2994.png,0.0,0.0,0.0,0.0
226,2394.png,0.33364055299539175,0.2002212389380531,0.2196601941747573,0.6934865900383141
227,1420.png,0.8991507430997877,0.8167791706846673,0.8887722980062959,0.9097744360902256
228,1814.png,0.7814736842105264,0.6413268832066344,1.0,0.6413268832066344
229,782.png,0.0,0.0,0.0,0.0
230,1437.png,0.8672470076169749,0.765609990393852,0.9987468671679198,0.7663461538461539
231,2300.png,0.5356083086053413,0.3657548125633232,1.0,0.3657548125633232
232,2801.png,0.4404508719693747,0.28242192826946677,0.3560254426680419,0.577362698633956
233,2418.png,0.8204640095181439,0.6955820052451079,0.7168399168399169,0.9591098748261474
234,1955.png,0.1445574550962995,0.07790996034522976,0.10911466840901667,0.2141025641025641
235,1342.png,0.19758576874205844,0.10962284102925626,0.11276287164612038,0.7974358974358975
236,1585.png,0.5961111836095524,0.4246142405651608,0.4464425332290852,0.8967412642324303
237,6.png,0.05619982158786798,0.0289123451124369,0.0289123451124369,1.0
238,718.png,0.6945560017849175,0.5320458041360451,0.549611581920904,0.9433333333333334
239,437.png,0.003174603174603175,0.001589825119236884,0.001589825119236884,1.0
240,1792.png,0.3802725502920182,0.23477564102564102,0.8592375366568915,0.24416666666666667
241,1681.png,0.9549983927997427,0.9138726545678253,0.9725040916530279,0.9381117777076097
242,750.png,0.5966000904918881,0.4251105379513633,0.4426009398676513,0.9149484536082474
243,1826.png,0.7215784943388731,0.5644292521234722,0.912577457712276,0.5966929478756022
244,2061.png,0.5634000702493853,0.3921760391198044,0.9946258784621744,0.39300882064684745
245,2858.png,0.0,0.0,0.0,0.0
246,2101.png,0.4006884681583477,0.25053809728798965,0.7288666249217283,0.2762876809874199
247,1006.png,0.7927612375948629,0.6566731141199227,0.8887434554973822,0.7154899894625922
248,2808.png,0.3780258372005519,0.23306526446025363,1.0,0.23306526446025363
249,1803.png,0.6629318394024276,0.4958100558659218,0.6501831501831502,0.6761904761904762
250,1491.png,0.463458110516934,0.30162412993039445,0.3291139240506329,0.7831325301204819
251,3012.png,0.0,0.0,0.0,0.0
252,2566.png,0.0,0.0,0.0,0.0
253,841.png,0.8314897284872862,0.7115810179493484,1.0,0.7115810179493484
254,2922.png,0.8595054464498688,0.7536252091466815,0.7994379529655377,0.9293328748280605
255,2359.png,0.3280717692482398,0.19622359573456497,0.436404833836858,0.26282751091703055
256,1304.png,0.6449934980494149,0.4760076775431862,0.48973143759873616,0.9444021325209444
257,1063.png,0.9048407116259826,0.8262183604080091,0.8287230011367942,0.9963553530751709
258,769.png,0.7016835016835017,0.5404564315352697,0.6414939462343525,0.7743373792420114
259,2246.png,0.26142150712229684,0.15036508745118016,0.9943851768669287,0.15049286199864037
260,2362.png,0.2136752136752137,0.11961722488038277,0.12409747292418773,0.7681564245810056
261,550.png,0.0,0.0,0.0,0.0
262,2878.png,0.7908049005401133,0.6539928096742564,0.804583835946924,0.7774899624400984
263,1021.png,0.8593003886729595,0.753309968847352,0.7835155933576347,0.9513154659454143
264,197.png,0.8506083821541236,0.7400509703979612,0.7617798405811724,0.9628873868129065
265,1274.png,0.9105691056910569,0.835820895522388,1.0,0.835820895522388
266,915.png,0.47752958974815346,0.31365443067570725,0.31951887578897226,0.944718309859155
267,2360.png,0.2870991797166294,0.1676099259904223,0.4301675977653631,0.21544487968662562
268,1553.png,0.8023465703971119,0.6699321778447627,0.6991742036964216,0.9412387506617258
269,2262.png,0.7266997557708974,0.5707214453656726,0.9856807010044881,0.5754928874469678
270,2096.png,0.8445995980112133,0.7310016480498077,0.8918677390527256,0.8020896122161945
271,2385.png,0.5110469201342807,0.3432256711409396,0.4321362556113018,0.625214899713467
272,2073.png,0.20495486844632227,0.1141781144348868,0.233809482078696,0.1824398249452954
273,979.png,0.0,0.0,0.0,0.0
274,1658.png,0.687741935483871,0.5240904621435595,0.9852125693160814,0.5282457879088206
275,864.png,0.0,0.0,0.0,0.0
276,2571.png,0.18139262726740785,0.09974259974259975,0.09976399914181507,0.9978540772532188
277,1269.png,0.825526932084309,0.7028913260219342,0.9943582510578279,0.7057057057057057
278,985.png,0.52316715542522,0.35424940428911833,0.5974547890154053,0.46531038080333853
279,847.png,0.0,0.0,0.0,0.0
280,1218.png,0.7281823235130628,0.5725524475524476,0.891156462585034,0.6156015037593985
281,926.png,0.6690373380746762,0.5026717557251908,1.0,0.5026717557251908
282,2029.png,0.4825489754559784,0.3179997032200623,0.6587765139870888,0.38070705276248
283,559.png,0.4130206510325516,0.2602558447287164,0.4202279202279202,0.4060564349621473
284,16.png,0.9027397260273973,0.8227215980024969,0.9634502923976608,0.8492268041237113
285,1972.png,0.0,0.0,0.0,0.0
286,2837.png,0.0,0.0,0.0,0.0
287,1050.png,0.9256921532061396,0.8616637735345173,0.8861576489975281,0.9689189189189189
288,2971.png,0.31733235617442285,0.18858885017421603,0.352965151823925,0.2882343151938759
289,1988.png,0.0,0.0,0.0,0.0
290,949.png,0.467733608673206,0.305256064690027,0.3258992805755396,0.8281535648994516
291,2633.png,0.0,0.0,0.0,0.0
292,1410.png,0.8881839809674861,0.7988587731811697,0.9017713365539453,0.875
293,1118.png,0.8390885600187925,0.7227842978551194,0.9955406911928651,0.7251319529029638
294,1185.png,0.9666287447857413,0.9354128440366972,0.9751338944146901,0.9582706766917293
295,1726.png,0.7251919455309286,0.5688636363636363,0.6311144730206757,0.8522301668369084
296,880.png,0.5958638517880224,0.42436330162626573,1.0,0.42436330162626573
297,2951.png,0.6274626421827373,0.45715523778572204,0.4626685670430874,0.9745958429561201
298,2269.png,0.3,0.17647058823529413,0.5150976909413855,0.21162734127949404
299,1555.png,0.7956791542174212,0.6606870229007633,1.0,0.6606870229007633
300,2968.png,0.8709539121114682,0.7714068729827226,0.9557751117384145,0.7999606221697184
301,948.png,0.8124557678697806,0.6841477949940405,0.7051597051597052,0.9582637729549248
302,262.png,0.8892346866600651,0.8005603667855323,0.9062860438292965,0.8728131074701472
303,2090.png,0.5445287332432713,0.37412537483935454,0.3883782982508153,0.910670837678137
304,2285.png,0.0,0.0,0.0,0.0
305,1262.png,0.3961867830021005,0.2470280072536772,1.0,0.2470280072536772
306,2098.png,0.0,0.0,0.0,0.0
307,1662.png,0.8041237113402061,0.6724137931034483,1.0,0.6724137931034483
308,1739.png,0.8133704735376045,0.6854460093896714,0.6980874316939891,0.9742612011439467
309,557.png,0.8145344436033307,0.6871008939974457,0.9116712560898115,0.7361039849495468
310,2718.png,0.557362481116147,0.38634963656523347,0.6406537282941778,0.4932368669392891
311,2172.png,0.0,0.0,0.0,0.0
312,2729.png,0.7844379370106975,0.6453294001966569,0.6600623554259278,0.9665684830633284
313,361.png,0.8317475052216291,0.7119586809694081,0.9478973816450674,0.7409551374819102
314,2647.png,0.0,0.0,0.0,0.0
315,2489.png,0.6820051128153829,0.5174565694046214,0.747684809098294,0.6269327702472584
316,822.png,0.5940902021772939,0.4225663716814159,0.9859882005899705,0.42511923688394276
317,2305.png,0.7750500090925623,0.6327197149643705,0.6333779164809036,0.9983602717263996
318,2655.png,0.5560053981106613,0.3850467289719626,0.3850467289719626,1.0
319,2957.png,0.7244003690036901,0.5678900741276441,0.5830703545572675,0.9561643835616438
320,1194.png,0.8581560283687943,0.7515527950310559,0.8013245033112583,0.9236641221374046
321,2198.png,0.9075640784608635,0.830770995869665,0.9017434620174346,0.913460325469913
322,2497.png,0.08700906344410878,0.045483259633607075,0.11410459587955626,0.0703125
323,1867.png,0.9273772204806687,0.8645884072089625,0.922796984663374,0.9320031504331846
324,2345.png,0.7512378769898104,0.601586053217984,0.7991467873933484,0.7087483592000617
325,1561.png,0.8442814271423809,0.7305251009809579,0.8032994923857868,0.8896697118763176
326,3035.png,0.5676986537328317,0.39635419963288815,0.7009963058323072,0.4769957343083486
327,2789.png,0.599359305569908,0.4279179577984359,0.4330297147976706,0.9731543624161074
328,593.png,0.9586597565385079,0.9206018518518518,0.9692907628564466,0.9482594182164997
329,2190.png,0.5590935939429738,0.38801520459119027,0.4253615491461721,0.8154761904761905
330,12.png,0.9565712118338706,0.9167575427117411,0.9931740614334471,0.9225704182416778
331,580.png,0.9450156459544032,0.8957627118644068,0.9465671641791045,0.9434692055935734
332,2006.png,0.0,0.0,0.0,0.0
333,1902.png,0.6169206516027325,0.446048632218845,0.5342434584755403,0.7298725520671433
334,2825.png,0.40637130236916075,0.25499748026205277,0.9967170059093894,0.25521183591123064
335,730.png,0.15172667156502573,0.08209103557940767,0.08209103557940767,1.0
336,3010.png,0.18369605311693102,0.10113728675873274,0.10113728675873274,1.0
337,1616.png,0.0,0.0,0.0,0.0
338,1590.png,0.6255831082739994,0.45516255805644873,0.8927820602662929,0.48148148148148145
339,1087.png,0.23488573908012722,0.1330711242215667,0.1779531010300241,0.34538494257762653
340,702.png,0.9289565493181098,0.8673378738525318,0.8959926583052922,0.9644385907145209
341,2263.png,0.7986667612226084,0.6648170011806376,0.9067632850241546,0.7135977696109492
342,479.png,0.9095629597576808,0.8341269841269842,0.8736492103075644,0.9485559566787004
343,2411.png,0.630032970326706,0.4598891481913652,0.7378890709103674,0.5496861924686193
344,3029.png,0.1696448767247229,0.09268413247652002,0.09339975093399751,0.9236453201970444
345,1539.png,0.6699120014978469,0.5036599099099099,0.5254038179148312,0.9240702479338843
346,3001.png,0.23563530904477067,0.13355249640435587,0.1583627725666951,0.46017699115044247
347,2503.png,0.5132834665978849,0.34524635669673837,0.3556111508220157,0.9221501390176089
348,2403.png,0.5348336918748966,0.36503275355771403,0.6135155656795748,0.4740393077148724
349,2429.png,0.8453712267720509,0.7321584619866006,0.753334332384235,0.9630268199233717
350,1795.png,0.8573830204539087,0.7503678273663561,0.8374384236453202,0.878300803673938
351,2182.png,0.6121054961735499,0.4410317170980678,0.8480546792849631,0.47887184562097973
352,1542.png,0.8969215491559087,0.8131076701476413,0.873669955503966,0.9214446031422159
353,1520.png,0.6464419475655431,0.47758716104039844,0.8860369609856262,0.5088443396226415
354,246.png,0.8648250460405158,0.7618429591174561,0.9086687306501547,0.8250175685172172
355,250.png,0.8907092045699504,0.8029537504858142,0.9327313769751693,0.8523102310231023
356,607.png,0.8906508093822266,0.8028588445503275,0.9955686853766618,0.8057381948595338
357,2110.png,0.268346923647146,0.15496575342465754,0.3760387811634349,0.2086054552439493
358,2665.png,0.0,0.0,0.0,0.0
359,1959.png,0.0,0.0,0.0,0.0
360,364.png,0.9325204961109944,0.8735722725482473,0.9578924638307061,0.9084579152160557
361,2737.png,0.003937007874015748,0.0019723865877712033,0.002112676056338028,0.028846153846153848
362,162.png,0.9339672477548865,0.8761149653121902,0.9862402380066939,0.8869565217391304
363,2372.png,0.3221189316806847,0.1919795972210008,0.5302404663589992,0.2313235138285472
364,1475.png,0.09331259720062207,0.048939641109298535,0.07371007371007371,0.1271186440677966
365,2216.png,0.5164602839021444,0.3481270358306189,0.5897907564957462,0.4593481375358166
366,873.png,0.8577680525164113,0.7509578544061303,0.7704402515723271,0.9674234945705824
367,1094.png,0.0,0.0,0.0,0.0
368,3060.png,0.8255151249451995,0.7028742067935797,0.7117298727478897,0.9826056705514002
369,1638.png,0.9098380468938844,0.834589800443459,0.9947145877378436,0.8383073496659242
370,1748.png,0.6864456079115765,0.5225863596102746,1.0,0.5225863596102746
371,947.png,0.7969834087481148,0.6624874623871615,0.6644869215291751,0.9954785229841748
372,1374.png,0.7576099210822999,0.6098003629764065,0.9990089197224975,0.6101694915254238
373,1671.png,0.17801047120418848,0.09770114942528736,0.11764705882352941,0.3655913978494624
374,2296.png,0.5974943784131064,0.42601923957856164,0.43826578699340246,0.9384460141271443
375,174.png,0.9462854881788505,0.898047315058205,0.9495731586261663,0.9430205047318612
376,1868.png,0.9365760610395802,0.8807174887892377,0.9000916590284143,0.9761431411530815
377,2867.png,0.9144736842105262,0.8424242424242424,0.9482529118136439,0.8830182832352029
378,1602.png,0.9458980916781429,0.8973497573721538,0.9832310838445808,0.9112964366944655
379,1093.png,0.10585480093676815,0.05588526211671612,0.05588526211671612,1.0
380,660.png,0.8469283855639778,0.734497645211931,0.7637216894511324,0.9504824784154393
381,870.png,0.5927561837455829,0.421217827997489,0.9990074441687344,0.4213941804479799
382,93.png,0.8164983164983166,0.689900426742532,0.9543486816214088,0.713445130920859
383,1141.png,0.9320293398533008,0.8727106227106227,0.9694811800610377,0.8973634651600754
384,1710.png,0.02649006622516556,0.013422818791946308,0.014541677486367177,0.14854111405835543
385,1098.png,0.736120182887002,0.5824289405684755,0.7137428752374921,0.7599460552933244
386,2771.png,0.31559497413155946,0.18736287845546293,0.1943264563106796,0.8394495412844036
387,1170.png,0.7095563139931741,0.5498545358370801,0.9667519181585678,0.5604528912252326
388,2159.png,0.0,0.0,0.0,0.0
389,1793.png,0.5753727222528989,0.40387596899224804,0.7411095305832148,0.47021660649819497
390,1500.png,0.9374094465372356,0.8821925279520043,0.9033789444289305,0.9741041854862993
391,1907.png,0.659019663721858,0.4914461800021252,0.872806189847141,0.5293579031704246
392,2654.png,0.8566975495713914,0.7493183883671615,0.7528534469639324,0.9937725994375252
393,2831.png,0.00046909815878972674,0.0002346041055718475,0.00043402777777777775,0.0005103342689461597
394,2173.png,0.0,0.0,0.0,0.0
395,894.png,0.5672082717872969,0.3958762886597938,0.3958762886597938,1.0
396,1800.png,0.9279187817258884,0.865530303030303,0.8763183125599233,0.9859762675296656
397,1129.png,0.8490425267346431,0.7376836646499568,0.7434668989547039,0.9895652173913043
398,621.png,0.842115709040389,0.7272883099074392,0.7788179148311307,0.9166126593216678
399,1174.png,0.6911404796867352,0.5280478683620045,0.9844294678131537,0.532495285983658
400,3042.png,0.49457460778215495,0.3285281425029841,0.6413335723247894,0.40247469066366703
401,879.png,0.3966588570846491,0.2473951715374841,1.0,0.2473951715374841
402,3056.png,0.5796523225990311,0.4081059390048154,0.501974333662389,0.6857720836142953
403,2827.png,0.7598062953995159,0.6126513080827801,0.9949270767279645,0.6145710928319624
404,91.png,0.5566600397614314,0.3856749311294766,0.39215686274509803,0.958904109589041
405,145.png,0.9485693423994889,0.9021701388888889,0.9451618770461986,0.9520014656041037
406,1765.png,0.8525547445255476,0.7430025445292621,0.9240506329113924,0.7913279132791328
407,2249.png,0.0,0.0,0.0,0.0
408,2548.png,0.5643410852713179,0.3930885529157667,0.40243228302929795,0.9442282749675746
409,2964.png,0.0,0.0,0.0,0.0
410,2486.png,0.6152171762145048,0.44426979136896255,0.6843495487563284,0.5587706685837527
411,964.png,0.7967369136641741,0.6621468926553672,0.6666666666666666,0.9898648648648649
412,1316.png,0.7322033898305084,0.5775401069518716,0.6697674418604651,0.8074766355140187
413,954.png,0.5912334352701326,0.4196816208393632,0.4393939393939394,0.9034267912772586
414,134.png,0.8867613073621657,0.7965599051008304,0.8965287049399199,0.8772044415414761
415,351.png,0.8509463722397477,0.7405628002745367,0.9935543278084714,0.7441379310344828
416,1873.png,0.91018082734704,0.8351668333484862,0.8841193455245429,0.9378254211332312
417,1646.png,0.9259896729776249,0.8621794871794872,0.972875226039783,0.8834154351395731
418,629.png,0.5140301844605926,0.345922359313873,0.35665529010238906,0.9199679871948779
419,2428.png,0.8904347826086957,0.8025078369905956,0.8751139471285324,0.9063016285107387
420,2473.png,0.6738114240109453,0.5080811554332875,0.6189777963971512,0.7393044783587691
421,1846.png,0.5856638350672903,0.4140909704413551,0.9437096278068287,0.42457791309161363
422,1895.png,0.8110392839383392,0.6821413634462568,0.9801682692307693,0.6916878710771841
423,2220.png,0.6036200695713697,0.4322749535551427,0.5079380829529668,0.7437164027313672
424,1282.png,0.629043358568479,0.45883534136546184,0.47101262561195567,0.9466597617814604
425,2368.png,0.40727736993297153,0.25571142284569137,0.2764469204580625,0.7731994459833795
426,535.png,0.9650822257265149,0.9325206791467131,0.9788643893522221,0.951682772409197
427,140.png,0.954902630679877,0.9136972866949984,0.9978579078900393,0.9154929577464789
428,590.png,0.923346254845567,0.8576074332171894,0.9488563351323567,0.899171943497321
429,1296.png,0.0,0.0,0.0,0.0
430,2920.png,0.006936416184971099,0.0034802784222737818,0.003888948903532462,0.032056990204808546
431,402.png,0.9523859520184785,0.9091000200440971,0.9697455633953389,0.9356369262506447
432,472.png,0.7712765957446808,0.6277056277056277,0.9954233409610984,0.6295224312590448
433,2855.png,0.2047392092367591,0.11404427161232426,0.7733265720081136,0.11798839458413926
434,1515.png,0.46794520547945206,0.3054363376251788,0.3222641509433962,0.854
435,1247.png,0.9725073313782991,0.9464859079557617,0.9714390333211278,0.9735779816513761
436,2450.png,0.573542902574766,0.40207511576058996,0.4826556870818322,0.7066003616636528
437,1333.png,0.9081399150049037,0.8317365269461078,0.8542435424354243,0.9692951849267272
438,1582.png,0.03627267041901188,0.018471337579617834,0.018477222045237336,0.9830508474576272
439,1897.png,0.7349342999546896,0.580945558739255,0.9533699059561128,0.5979356107151634
440,967.png,0.7454655380894801,0.5942168674698796,0.6345856922285126,0.9032967032967033
441,971.png,0.0,0.0,0.0,0.0
442,2007.png,0.0,0.0,0.0,0.0
443,1684.png,0.3585381222432261,0.21842610364683301,0.45374800637958534,0.29635416666666664
444,189.png,0.9691444600280504,0.9401360544217687,0.9917982366208735,0.9475024485798237
445,36.png,0.9357750838277018,0.8793019873969947,0.9024875621890547,0.9716122121049813
446,55.png,0.4371980676328503,0.2797527047913447,0.2797527047913447,1.0
447,2898.png,0.5268586844402127,0.35764300333943766,1.0,0.35764300333943766
448,157.png,0.5666133455210238,0.3952969310482264,0.4151180311401306,0.8922274199352285
449,3004.png,0.0,0.0,0.0,0.0
450,1275.png,0.9417924237757931,0.889988358556461,0.9909267660401815,0.8973004694835681
451,2343.png,0.796109068627451,0.6612800610764729,0.6617853049789889,0.9988468191428023
452,434.png,0.888813674056524,0.7998781602193116,0.9996193376475067,0.8001218769043267
453,149.png,0.9446841146582303,0.8951671511627907,0.9248240262787424,0.9654158910551582
454,87.png,0.968880726456484,0.9396398179299426,0.9816001653917718,0.9564867042707494
455,2553.png,0.8245013096917186,0.7014055536510113,0.9415554532903819,0.7333333333333333
456,1641.png,0.8728755948334466,0.7744270205066345,0.9464373464373464,0.8099243061396131
457,1943.png,0.7983689871173619,0.6644044457558769,0.7193057182408689,0.8969592351613331
458,2618.png,0.0,0.0,0.0,0.0
459,981.png,0.0,0.0,0.0,0.0
460,1729.png,0.6127863612147043,0.44173899685075657,0.4922115713796645,0.8116003386960203
461,2911.png,0.0,0.0,0.0,0.0
462,2250.png,0.2597256154858109,0.14924406047516198,0.15038084874863983,0.9517906336088154
463,1271.png,0.5641891891891891,0.39294117647058824,0.5075987841945289,0.6349809885931559
464,1630.png,0.9152030735455543,0.8436630407285606,0.9647092855076657,0.8705298877577656
465,1927.png,0.0,0.0,0.0,0.0
466,1103.png,0.07630306286942504,0.03966480446927374,0.03970917225950783,0.9726027397260274
467,213.png,0.9050500209668724,0.8265674581464055,0.872790294627383,0.9397860164219956
468,1656.png,0.7006802721088435,0.5392670157068062,0.9782903663500678,0.5457986373959122
469,2588.png,0.5464594127806564,0.3759505703422053,0.49406620861961276,0.6112828438948995
470,2274.png,0.6464485235434957,0.47759433962264153,0.47759433962264153,1.0
471,849.png,0.8491255343956472,0.7378089963528299,0.7727787209960385,0.9422114887010523
472,2986.png,0.5591491479039682,0.38806872140205473,0.9619088380055639,0.3941253836036826
473,1588.png,0.7726603884638021,0.6295408224433521,0.637257281553398,0.9811285500747384
474,2688.png,0.0946712802768166,0.049687636205143104,0.20752427184466019,0.06132329209252286
475,1234.png,0.6078313253012048,0.436607529208135,1.0,0.436607529208135
476,745.png,0.6122742298663345,0.44120693226541463,0.44632255360759937,0.974679682733374
477,387.png,0.9594762754964021,0.9221089850249584,0.9616093699164949,0.9573526236234075
478,103.png,0.9134109392441397,0.8406222483122983,0.9791452991452991,0.8559473998804543
479,1742.png,0.7602591792656588,0.6132404181184669,0.9351753453772582,0.6404657933042213
480,636.png,0.9692878839014514,0.9404060248853962,0.9818803418803419,0.9570143285571476
481,2763.png,0.5860807860262008,0.4145079720495696,0.4217037822552139,0.9604615797477413
482,1446.png,0.8646534868563981,0.7615767317259855,1.0,0.7615767317259855
483,2342.png,0.8709827666511412,0.7714521452145214,0.7881427367237989,0.9732824427480916
484,2494.png,0.45184129013225827,0.2918572154471545,0.9770359345098873,0.2938731133282169
485,2390.png,0.5937686641449333,0.4222410986055072,0.5279695521331209,0.678303388674096
486,2709.png,0.0,0.0,0.0,0.0
487,2604.png,0.6564317526853549,0.48857343420950006,0.7903103709311128,0.5613406219195268
488,412.png,0.9656716417910448,0.9336219336219336,0.9908116385911179,0.9417758369723436
489,1097.png,0.6756985605419136,0.510230179028133,0.5964125560538116,0.779296875
490,1311.png,0.9309271935283137,0.8707799767171129,0.9793780687397708,0.8870441743255263
491,2081.png,0.06048387096774194,0.031185031185031187,0.03125,0.9375
492,132.png,0.9597941460276617,0.9226963512677798,0.9878613992496138,0.9332777314428691
493,186.png,0.0,0.0,0.0,0.0
494,1330.png,0.0,0.0,0.0,0.0
495,1523.png,0.8415115623237451,0.7263875365141188,0.9247933884297521,0.7719903414970679
496,2401.png,0.5905340859748156,0.41897720271102895,0.6107784431137725,0.5715886803026058
497,657.png,0.9715,0.9445794846864366,0.9628344895936571,0.9803229061553986
498,29.png,0.8810255040726398,0.7873508353221957,0.9342962333616539,0.8335017685699848
499,2579.png,0.15818759936406995,0.08588692274492879,0.10484720758693361,0.3220064724919094
500,2521.png,0.3542448614834674,0.21524761077324067,0.2539072508326928,0.5856973995271868
501,640.png,0.9504201680672268,0.9055244195356285,0.9783737024221453,0.9240196078431373
502,2058.png,0.0,0.0,0.0,0.0
503,1981.png,0.08613008613008613,0.04500310366232154,0.046046363925055574,0.6651376146788991
504,2091.png,0.19605219136835064,0.10867952522255193,0.14210883693859735,0.3160051768766178
505,1204.png,0.8956870611835506,0.8110808356039964,0.907520325203252,0.8841584158415842
506,2451.png,0.35835950137976963,0.21829353118479017,0.3017628205128205,0.44108690559850083
507,523.png,0.8753609971120231,0.7783484254629004,0.7836440332017962,0.9913926665519022
508,1393.png,0.8962868117797694,0.8120649651972158,0.9873060648801129,0.82063305978898
509,301.png,0.9331484276216503,0.8746750267625019,0.9821413239460806,0.8888111888111888
510,1477.png,0.8979591836734694,0.8148148148148148,0.9783653846153846,0.8297655453618756
511,2590.png,0.9199362041467304,0.8517424689899586,0.8731456251892219,0.972025615099427
512,1461.png,0.6573623961110241,0.4896052324223312,0.8682684341342171,0.5288922533434267
513,1145.png,0.5943852855759922,0.4228650137741047,0.42579750346740636,0.9839743589743589
514,1312.png,0.8962035541195477,0.8119282839370655,0.9307885906040269,0.8640965732087228
515,763.png,0.0,0.0,0.0,0.0
516,2160.png,0.22373270002456805,0.12595666205624712,0.4328263624841572,0.15085588072887907
517,2468.png,0.6169284467713787,0.44605678233438484,0.5248700816629547,0.7481481481481481
518,2312.png,0.8979773282951768,0.8148446954417103,0.862387932261278,0.9366306027820711
519,1707.png,0.8097982708933718,0.6803874092009685,0.9929328621908127,0.683698296836983
520,248.png,0.8814422888496961,0.7880168185003504,0.9570212765957447,0.8169269887395568
521,441.png,0.9472345835982199,0.8997584541062802,0.9603265539959897,0.9344947735191638
522,2853.png,0.8404281196789102,0.724774491294315,0.9460569550930996,0.7560175054704595
523,793.png,0.1494264645637034,0.08074602911063147,0.08255998189225894,0.7860991379310345
524,716.png,0.378142365705213,0.2331538587045195,0.26069506521937424,0.6881772212858175
525,896.png,0.8534821244058691,0.7444124008651767,0.8309859154929577,0.877230246389125
526,1251.png,0.8892055575347346,0.8005131494547787,0.9968051118210862,0.802572347266881
527,1071.png,0.8783830078794107,0.7831398900427612,0.9712121212121212,0.8017510944340213
528,1714.png,0.0,0.0,0.0,0.0
529,2818.png,0.778123379989632,0.6368264743317776,0.9980053191489362,0.6376380628717078
530,2230.png,0.36783774797739105,0.22536837101921642,0.27808965228320065,0.5431189657993781
531,1665.png,0.8553803975325565,0.7473053892215569,0.811443433029909,0.9043478260869565
532,2822.png,0.7223422126229901,0.5653643876784372,0.9933993399339934,0.5674962292609351
533,2854.png,0.1148763853367434,0.060938383267382705,0.8356589147286821,0.06167753747568372
534,2015.png,0.4634344528710725,0.30160408954697693,0.3047195013357079,0.9672131147540983
535,2685.png,0.8819714656290532,0.7888631090487239,0.8803728638011393,0.8835758835758836
536,1309.png,0.8873038516405136,0.7974358974358975,1.0,0.7974358974358975
537,589.png,0.18820143884892085,0.10387547649301143,0.10407383831954169,0.9819819819819819
538,922.png,0.48488338612150883,0.3200304066894717,0.9879730126136697,0.321282075741677
539,2279.png,0.3637074696910442,0.2222753346080306,0.23180458624127617,0.8439201451905626
540,2415.png,0.006893580353295993,0.0034587116299178555,0.0034587116299178555,1.0
541,1789.png,0.4092409240924092,0.2572614107883817,0.2572614107883817,1.0
542,1276.png,0.9682048396173326,0.9383692391600763,0.9950838635049162,0.9427397260273973
543,1991.png,0.29449492250133624,0.172673143215293,0.34523809523809523,0.25675675675675674
544,215.png,0.8459644322845418,0.7330488383119962,0.7479438800193517,0.9735516372795969
545,663.png,0.9487669329628343,0.9025276722286469,0.9278192934782609,0.970682302771855
546,2611.png,0.0,0.0,0.0,0.0
547,1149.png,0.9390681003584229,0.8851351351351351,0.9536730641958967,0.9249037227214377
548,2660.png,0.7529592621060722,0.6037968441814595,0.6521102383171349,0.8907074013456993
549,251.png,0.933085501858736,0.8745644599303136,0.9580152671755725,0.9094202898550725
550,1231.png,0.5408723747980614,0.37068201948627105,0.9468325791855203,0.378561736770692
551,2675.png,0.2591952035051309,0.1488938932308915,0.21884735202492211,0.3177834322872491
552,1879.png,0.4672871981653851,0.30487590212990673,0.609215617305663,0.37899343544857766
553,1345.png,0.4782405240992045,0.31426814268142683,0.31426814268142683,1.0
554,2164.png,0.5911966862397015,0.41964458804523425,0.8743184113093234,0.44658391500189115
555,2302.png,0.020977090808722055,0.010599721059972107,0.023735165521549032,0.018793273986152326
556,2630.png,0.6877310122809109,0.5240777757586771,0.6190169564284181,0.7736051502145923
557,1067.png,0.866235446313066,0.764034687357371,0.9137554585152838,0.823413674372848
558,1002.png,0.34852055511914115,0.2110353575392421,0.9548063127690101,0.21316463805253044
559,308.png,0.8772031539888683,0.7812661365279355,0.795394806014089,0.9777691611735815
560,324.png,0.6638790607912513,0.496870486278286,0.9828571428571429,0.5012141816415736
561,1235.png,0.685878962536023,0.5219298245614035,0.9983221476510067,0.5223880597014925
562,153.png,0.6375013370413948,0.46789134872036425,0.9851239669421488,0.4712207463630613
563,1810.png,0.5638810433626849,0.3926422952336881,1.0,0.3926422952336881
564,1401.png,0.8676137533456867,0.7661818181818182,0.9878105954055321,0.7734948604992657
565,1861.png,0.0,0.0,0.0,0.0
566,2197.png,0.6125511596180082,0.4414945919370698,0.9911699779249448,0.4432379072063179
567,709.png,0.6954828660436138,0.533134328358209,0.6649292628443783,0.7289795918367347
568,2080.png,0.0,0.0,0.0,0.0
569,1768.png,0.9160239931448156,0.8450592885375494,0.951067615658363,0.8834710743801653
570,353.png,0.0,0.0,0.0,0.0
571,181.png,0.9427792915531336,0.8917525773195877,0.9854430379746836,0.9036564132327336
572,1801.png,0.9091988130563798,0.8335146898803046,0.906508875739645,0.9119047619047619
573,865.png,0.19580994112008762,0.10853066180935034,0.10853066180935034,1.0
574,2378.png,0.8031747984987386,0.6710878058811434,0.7786924361727511,0.8292466014483547
575,605.png,0.9220545977011494,0.8553815394868377,0.9895913646877409,0.863147276395427
576,2148.png,0.5466837200803947,0.37616293688710084,0.9099756690997567,0.39070253329851135
577,940.png,0.8907198612315698,0.8029710711493354,0.964319248826291,0.8275584206285254
578,545.png,0.7595242894577706,0.612284692882678,0.9907099035933392,0.6158204401830464
579,217.png,0.7577969475779694,0.6100427350427351,0.7332263242375602,0.7840714040508068
580,980.png,0.0,0.0,0.0,0.0
581,888.png,0.5309800049370526,0.36145185683078473,0.36145185683078473,1.0
582,407.png,0.9562074238843321,0.9160895045285029,0.9825714285714285,0.9312212293528297
583,1566.png,0.013679890560875513,0.006887052341597796,0.006887052341597796,1.0
584,2830.png,0.37225548902195615,0.2286940527283875,1.0,0.2286940527283875
585,1841.png,0.0,0.0,0.0,0.0
586,2790.png,0.7205077496205676,0.5631200575125809,0.5676498296978042,0.9860271903323263
587,2847.png,0.8792344497607656,0.7844945355191257,0.8439681567666871,0.9175765645805593
588,1084.png,0.8499999999999999,0.7391304347826086,0.9962434259954921,0.7411961989938514
589,1723.png,0.8736985061113626,0.7757234726688103,0.956392467789891,0.8041666666666667
590,2454.png,0.6757990867579909,0.5103448275862069,0.5133029266438617,0.9888339740069559
591,1611.png,0.8696638774641894,0.7693851944792973,0.979239859469818,0.7821428571428571
592,1363.png,0.9274983670803396,0.8647990255785627,0.9631036353771025,0.8944318468127992
593,2717.png,0.7461075998150146,0.5950331940004918,0.6558265582655827,0.8652127279227744
594,33.png,0.5063464837049741,0.3389986219568213,0.33946642134314625,0.9959514170040485
595,2496.png,0.0,0.0,0.0,0.0
596,2169.png,0.0,0.0,0.0,0.0
597,2222.png,0.2530264733271252,0.14483703929332928,0.15148136349155783,0.7675544794188862
598,1146.png,0.9333642906895752,0.8750544188071397,0.9262672811059908,0.940570893776322
599,1893.png,0.2779313599892118,0.16139389193422082,0.747822931785196,0.1706832298136646
600,2499.png,0.4740695546064673,0.31067572970811674,0.8102189781021898,0.3350582147477361
601,1236.png,0.1806020066889632,0.09926470588235294,0.12699905926622765,0.3125
602,1250.png,0.9435079726651481,0.8930573523070289,0.9971112181030333,0.8953739731949849
603,2923.png,0.7980876818228053,0.6640148950575491,0.844745908699397,0.7563138615770195
604,1591.png,0.7381269418553041,0.5849454801266268,0.9857735625370481,0.5899255054984037
605,1894.png,0.4698147041243275,0.30703125,0.6704196519959058,0.3616120721383879
606,107.png,0.8664190573770492,0.7643204157722291,0.8228925921420752,0.9148073022312373
607,1675.png,0.6332138590203106,0.4632867132867133,0.5469556243550051,0.75177304964539
608,429.png,0.951568214562784,0.9076109936575053,0.9734693877551021,0.9306308259267289
609,344.png,0.8549982338396326,0.7467221965139595,0.9643426294820717,0.7679251269035533
610,2667.png,0.5700870882241575,0.39868657981146066,0.5116215848851434,0.6436388508891929
611,367.png,0.9298892988929889,0.8689655172413793,0.9990671641791045,0.8696711327649208
